home_team,away_team,home_strength,away_strength,home_form,away_form,home_xG,away_xG,pred_home_goals,pred_away_goals,prob_home,prob_away,prob_draw,home_scorers,away_scorers
Arsenal,Chelsea,0.8237794856275621,0.6554135179187036,0.9929634269021728,0.5417740546252456,1.431502485693272,1.5935517033153965,1.0,1.0,0.40179498065645664,0.4110870885767051,0.18711793076683825,Saka,Jackson
Manchester City,Liverpool,0.7395391935306519,0.6794954993249289,0.8318671113096681,0.8847281965745835,1.0957988697452776,1.7319842489480592,1.0,1.0,0.40179498065645664,0.4110870885767051,0.18711793076683825,Haaland,Diaz
Tottenham,Manchester United,0.886593530249463,0.8228985110014662,0.7030965317722306,0.7047536150359539,1.3242510499955087,1.7324619486375965,1.0,1.0,0.40179498065645664,0.4110870885767051,0.18711793076683825,Son,Rashford
Aston Villa,Newcastle,0.6078106492528043,0.5740039315952954,0.5689760938506563,0.8918806937757533,1.6510724424626089,0.8558150076213447,1.0,0.0,0.40179498065645664,0.4110870885767051,0.18711793076683825,Bailey,
